path,bytes,type
00_Approved_Reference/DayVector_Approved_Exact_Source.png,1606848,png
01_Master_Artwork/DayVector_Approved_Exact.svg,699871,svg
01_Master_Artwork/DayVector_Approved_Transparent.png,524749,png
01_Master_Artwork/DayVector_Lockup_Dark.svg,169220,svg
01_Master_Artwork/DayVector_Lockup_Horizontal.svg,305433,svg
01_Master_Artwork/DayVector_Symbol_Approved_Exact.svg,333678,svg
01_Master_Artwork/DayVector_Symbol_Approved_Transparent.png,250106,png
01_Master_Artwork/DayVector_Symbol_Black.png,9622,png
01_Master_Artwork/DayVector_Symbol_Indigo.png,9541,png
01_Master_Artwork/DayVector_Symbol_White.png,9784,png
01_Master_Artwork/DayVector_Wordmark_Approved_Transparent.png,155569,png
02_Master_PNG/DayVector_Approved_Stacked_2000.png,871338,png
02_Master_PNG/DayVector_Horizontal_2400.png,524211,png
02_Master_PNG/DayVector_Horizontal_Dark_2400.png,376862,png
02_Master_PNG/DayVector_Stacked_Dark_1800.png,505949,png
03_Symbol_PNG/DayVector_Symbol_Approved_1024.png,126034,png
03_Symbol_PNG/DayVector_Symbol_Approved_128.png,16292,png
03_Symbol_PNG/DayVector_Symbol_Approved_16.png,808,png
03_Symbol_PNG/DayVector_Symbol_Approved_192.png,28782,png
03_Symbol_PNG/DayVector_Symbol_Approved_2048.png,140640,png
03_Symbol_PNG/DayVector_Symbol_Approved_24.png,1470,png
03_Symbol_PNG/DayVector_Symbol_Approved_256.png,43186,png
03_Symbol_PNG/DayVector_Symbol_Approved_32.png,2117,png
03_Symbol_PNG/DayVector_Symbol_Approved_48.png,4101,png
03_Symbol_PNG/DayVector_Symbol_Approved_512.png,121334,png
03_Symbol_PNG/DayVector_Symbol_Approved_64.png,6164,png
03_Symbol_PNG/DayVector_Symbol_Approved_96.png,11049,png
03_Symbol_PNG/DayVector_Symbol_Black_1024.png,12848,png
03_Symbol_PNG/DayVector_Symbol_Black_128.png,5667,png
03_Symbol_PNG/DayVector_Symbol_Black_16.png,401,png
03_Symbol_PNG/DayVector_Symbol_Black_192.png,8798,png
03_Symbol_PNG/DayVector_Symbol_Black_2048.png,25191,png
03_Symbol_PNG/DayVector_Symbol_Black_24.png,687,png
03_Symbol_PNG/DayVector_Symbol_Black_256.png,12354,png
03_Symbol_PNG/DayVector_Symbol_Black_32.png,941,png
03_Symbol_PNG/DayVector_Symbol_Black_48.png,1689,png
03_Symbol_PNG/DayVector_Symbol_Black_512.png,27690,png
03_Symbol_PNG/DayVector_Symbol_Black_64.png,2424,png
03_Symbol_PNG/DayVector_Symbol_Black_96.png,4071,png
03_Symbol_PNG/DayVector_Symbol_Indigo_1024.png,12965,png
03_Symbol_PNG/DayVector_Symbol_Indigo_128.png,12584,png
03_Symbol_PNG/DayVector_Symbol_Indigo_16.png,730,png
03_Symbol_PNG/DayVector_Symbol_Indigo_192.png,19508,png
03_Symbol_PNG/DayVector_Symbol_Indigo_2048.png,25335,png
03_Symbol_PNG/DayVector_Symbol_Indigo_24.png,1383,png
03_Symbol_PNG/DayVector_Symbol_Indigo_256.png,27038,png
03_Symbol_PNG/DayVector_Symbol_Indigo_32.png,2035,png
03_Symbol_PNG/DayVector_Symbol_Indigo_48.png,3809,png
03_Symbol_PNG/DayVector_Symbol_Indigo_512.png,57991,png
03_Symbol_PNG/DayVector_Symbol_Indigo_64.png,5639,png
03_Symbol_PNG/DayVector_Symbol_Indigo_96.png,9418,png
03_Symbol_PNG/DayVector_Symbol_White_1024.png,12984,png
03_Symbol_PNG/DayVector_Symbol_White_128.png,6139,png
03_Symbol_PNG/DayVector_Symbol_White_16.png,435,png
03_Symbol_PNG/DayVector_Symbol_White_192.png,9727,png
03_Symbol_PNG/DayVector_Symbol_White_2048.png,25331,png
03_Symbol_PNG/DayVector_Symbol_White_24.png,753,png
03_Symbol_PNG/DayVector_Symbol_White_256.png,14018,png
03_Symbol_PNG/DayVector_Symbol_White_32.png,1034,png
03_Symbol_PNG/DayVector_Symbol_White_48.png,1825,png
03_Symbol_PNG/DayVector_Symbol_White_512.png,33881,png
03_Symbol_PNG/DayVector_Symbol_White_64.png,2704,png
03_Symbol_PNG/DayVector_Symbol_White_96.png,4391,png
04_Lockups_PNG/DayVector_Horizontal_Dark_1200.png,133090,png
04_Lockups_PNG/DayVector_Horizontal_Dark_1600.png,204514,png
04_Lockups_PNG/DayVector_Horizontal_Dark_2000.png,288509,png
04_Lockups_PNG/DayVector_Horizontal_Dark_600.png,49680,png
04_Lockups_PNG/DayVector_Horizontal_Dark_800.png,73083,png
04_Lockups_PNG/DayVector_Horizontal_Light_1200.png,183508,png
04_Lockups_PNG/DayVector_Horizontal_Light_1600.png,286474,png
04_Lockups_PNG/DayVector_Horizontal_Light_2000.png,401859,png
04_Lockups_PNG/DayVector_Horizontal_Light_600.png,65305,png
04_Lockups_PNG/DayVector_Horizontal_Light_800.png,98443,png
04_Lockups_PNG/DayVector_Stacked_Dark_1200.png,294846,png
04_Lockups_PNG/DayVector_Stacked_Dark_1600.png,445786,png
04_Lockups_PNG/DayVector_Stacked_Dark_400.png,62068,png
04_Lockups_PNG/DayVector_Stacked_Dark_600.png,107981,png
04_Lockups_PNG/DayVector_Stacked_Dark_800.png,162778,png
04_Lockups_PNG/DayVector_Stacked_Exact_1200.png,424459,png
04_Lockups_PNG/DayVector_Stacked_Exact_1600.png,637418,png
04_Lockups_PNG/DayVector_Stacked_Exact_400.png,83328,png
04_Lockups_PNG/DayVector_Stacked_Exact_600.png,150886,png
04_Lockups_PNG/DayVector_Stacked_Exact_800.png,231613,png
05_Android/DayVector_PlayStore_512.png,78148,png
05_Android/adaptive/colors.xml,119,xml
05_Android/adaptive/ic_launcher.xml,283,xml
05_Android/adaptive/ic_launcher_background_cloud_432.png,1710,png
05_Android/adaptive/ic_launcher_background_night_432.png,1711,png
05_Android/adaptive/ic_launcher_foreground_432.png,56186,png
05_Android/adaptive/ic_launcher_monochrome_432.png,17780,png
05_Android/legacy/ic_launcher_hdpi_72.png,4845,png
05_Android/legacy/ic_launcher_mdpi_48.png,2813,png
05_Android/legacy/ic_launcher_xhdpi_96.png,7410,png
05_Android/legacy/ic_launcher_xxhdpi_144.png,13000,png
05_Android/legacy/ic_launcher_xxxhdpi_192.png,19259,png
05_Android/notification/ic_stat_dayvector_hdpi_36.png,868,png
05_Android/notification/ic_stat_dayvector_mdpi_24.png,515,png
05_Android/notification/ic_stat_dayvector_xhdpi_48.png,1340,png
05_Android/notification/ic_stat_dayvector_xxhdpi_72.png,2213,png
05_Android/notification/ic_stat_dayvector_xxxhdpi_96.png,3383,png
06_Windows/DayVector_App.ico,74690,ico
06_Windows/DayVector_Tray.ico,8177,ico
06_Windows/app_icons/DayVector_App_128.png,15835,png
06_Windows/app_icons/DayVector_App_16.png,808,png
06_Windows/app_icons/DayVector_App_20.png,934,png
06_Windows/app_icons/DayVector_App_24.png,1265,png
06_Windows/app_icons/DayVector_App_256.png,42214,png
06_Windows/app_icons/DayVector_App_32.png,2117,png
06_Windows/app_icons/DayVector_App_40.png,2819,png
06_Windows/app_icons/DayVector_App_48.png,3810,png
06_Windows/app_icons/DayVector_App_512.png,117519,png
06_Windows/app_icons/DayVector_App_64.png,5806,png
06_Windows/tray/DayVector_Tray_Indigo_16.png,626,png
06_Windows/tray/DayVector_Tray_Indigo_20.png,895,png
06_Windows/tray/DayVector_Tray_Indigo_24.png,1214,png
06_Windows/tray/DayVector_Tray_Indigo_32.png,1793,png
06_Windows/tray/DayVector_Tray_Indigo_48.png,3253,png
06_Windows/tray/DayVector_Tray_White_16.png,382,png
06_Windows/tray/DayVector_Tray_White_20.png,495,png
06_Windows/tray/DayVector_Tray_White_24.png,605,png
06_Windows/tray/DayVector_Tray_White_32.png,907,png
06_Windows/tray/DayVector_Tray_White_48.png,1564,png
07_Web_Favicon/android-chrome-192x192.png,28782,png
07_Web_Favicon/android-chrome-512x512.png,121334,png
07_Web_Favicon/apple-touch-icon.png,26036,png
07_Web_Favicon/favicon-128x128.png,16292,png
07_Web_Favicon/favicon-16x16.png,808,png
07_Web_Favicon/favicon-180x180.png,26036,png
07_Web_Favicon/favicon-192x192.png,28782,png
07_Web_Favicon/favicon-256x256.png,43186,png
07_Web_Favicon/favicon-32x32.png,2117,png
07_Web_Favicon/favicon-48x48.png,4101,png
07_Web_Favicon/favicon-512x512.png,121334,png
07_Web_Favicon/favicon-64x64.png,6164,png
07_Web_Favicon/favicon-96x96.png,11049,png
07_Web_Favicon/favicon.ico,71324,ico
07_Web_Favicon/site.webmanifest,375,webmanifest
08_Social/DayVector_OpenGraph_1200x630.png,120654,png
08_Social/DayVector_OpenGraph_Dark_1200x630.png,104470,png
08_Social/DayVector_Social_Square_1080.png,228350,png
09_Splash/DayVector_Splash_Dark_1080x1920.png,92515,png
09_Splash/DayVector_Splash_Dark_1440x900.png,67126,png
09_Splash/DayVector_Splash_Dark_1920x1080.png,90442,png
09_Splash/DayVector_Splash_Dark_2732x2732.png,160334,png
09_Splash/DayVector_Splash_Light_1080x1920.png,87635,png
09_Splash/DayVector_Splash_Light_1440x900.png,63179,png
09_Splash/DayVector_Splash_Light_1920x1080.png,85776,png
09_Splash/DayVector_Splash_Light_2732x2732.png,159400,png
10_Brand_Data/ANDROID_NOTES.md,200,md
10_Brand_Data/BRAND_GUIDELINES.md,480,md
10_Brand_Data/DayVector.gpl,152,gpl
10_Brand_Data/MIGRATION_CHECKLIST.md,445,md
10_Brand_Data/WINDOWS_NOTES.md,141,md
10_Brand_Data/brand.json,448,json
10_Brand_Data/design-tokens.css,182,css
10_Brand_Data/design-tokens.json,162,json
10_Brand_Data/golden-theme.json,116,json
11_Previews/DayVector_Brand_Board.png,334103,png
README.md,776,md
